{"cameraMode":{"drawMode":0,"name":"Shaded","section":"Shading Mode"},"sceneLighting":false,"audioPlay":false,"sceneViewState":{"showFog":true,"showMaterialUpdate":true,"showSkybox":true,"showFlares":true,"showImageEffects":true,"showParticleSystems":true},"in2DMode":false,"pivot":{"x":503.3983154296875,"y":168.11163330078126,"z":456.5107727050781},"rotation":{"x":-0.002690322697162628,"y":-0.00450462382286787,"z":-0.000013769967154075857,"w":0.999992847442627},"size":493.69305419921877,"orthographic":false}